{
  "lowered": {
    "words": [
      {
        "args": {
          "d": {
            "mode": "delta",
            "p": 3,
            "r": 1
          }
        },
        "meta": {
          "span": [
            0,
            42
          ],
          "src": "example.sig"
        },
        "op": "mark"
      },
      {
        "args": {
          "k": 17,
          "kind": "rho"
        },
        "meta": {
          "span": [
            43,
            59
          ],
          "src": "example.sig"
        },
        "op": "control"
      },
      {
        "args": {},
        "meta": {
          "span": [
            60,
            73
          ],
          "src": "example.sig"
        },
        "op": "copy"
      },
      {
        "args": {
          "c": "c",
          "d": "d"
        },
        "meta": {
          "span": [
            74,
            91
          ],
          "src": "example.sig"
        },
        "op": "swap"
      },
      {
        "args": {
          "ellType": "int"
        },
        "meta": {
          "span": [
            92,
            112
          ],
          "src": "example.sig"
        },
        "op": "split"
      },
      {
        "args": {},
        "meta": {
          "span": [
            113,
            127
          ],
          "src": "example.sig"
        },
        "op": "merge"
      },
      {
        "args": {},
        "meta": {
          "span": [
            128,
            142
          ],
          "src": "example.sig"
        },
        "op": "quote"
      },
      {
        "args": {},
        "meta": {
          "span": [
            143,
            153
          ],
          "src": "example.sig"
        },
        "op": "mirror"
      },
      {
        "args": {},
        "meta": {
          "span": [
            154,
            171
          ],
          "src": "example.sig"
        },
        "op": "evaluate"
      },
      {
        "args": {
          "kind": "mu",
          "p": 5
        },
        "meta": {
          "span": [
            172,
            186
          ],
          "src": "example.sig"
        },
        "op": "control"
      }
    ]
  },
  "lowering_hash": "6181e7b1d06c14a74b64f02b8bc09ece47315585"
}